Sector,Q,MnWndDir_Av,MaxWndGst,AvAirT_Av,AvAirT_Max,AvAirT_Min,AvHum_Max,Precip_Tot,MnWndDir_Av_3,Precip_Tot_3,BurnFrCh,Fire
2,3,0.11091013114127177,-0.08253353308492314,-0.02111913142780825,-0.01971200388767138,-0.014543380564106928,0.039488233335088704,-0.3433572656855843,0.083232018919225,0.2432903892525688,0.4871621197826572,1
4,1,0.22142733164266595,0.27752218213867696,-0.05835231293442818,-0.04859671888996568,0.15696791116597472,0.0047348414399144105,1.3968114146309116,0.044576137348788514,0.3292266399958068,-0.9967302401222584,0
1,4,-0.09694718273459238,0.11939572048764473,-0.002888883716823309,-0.015031415865912404,0.02002311447027004,0.010821073939309036,0.28513806882774473,-0.0818814071806836,-0.21603503049173567,-0.9665344775382612,0
3,4,0.06593275521720053,-0.05331668615455233,-0.014774819775494009,0.015960828867110706,-0.025124795148575352,-0.00881171260275439,-0.6034481489746366,-0.03294126089313963,-0.26962381890389964,-0.6135435213304141,0
4,1,-0.0957779603137755,-0.018462307952875,-0.10744675065340822,-0.14286025009652814,0.34028289817967605,0.005402044936981007,0.7023883472801289,-0.09002492709815335,0.8755577530065339,-0.9790102511074016,0
2,3,0.0050232841508122145,0.01828075282671953,-0.01502328890890799,0.009115222802625491,0.0011117750996456329,0.023286937955985985,2.3082522245215773,0.10006765473688783,0.6282945860262791,-0.7764021959679547,1
3,3,0.09367362589318937,-0.07808931626058421,0.025455156392872567,0.034885800287126636,0.047647460527614566,-0.04771236370530648,-0.6892371015017479,0.056113743828935185,0.19624102942516095,-0.930306161439675,0
1,1,-0.1647054778135415,0.9784309636799412,0.024858110479422418,0.0312473730209304,0.04635891898997552,0.008738694952992182,-0.08272624138006712,-0.1647054778135415,-0.08272624138006712,-0.1984826674726321,0
2,3,0.0414206617835212,0.5860330030573453,-0.00928022331344105,0.001122778169267999,-0.02021161096563725,-0.021159556584804173,-0.9780926075656692,0.1311502785747331,-0.393523975687802,-0.15740736365277866,1
3,3,0.10607982268260033,-0.048077872998768735,-0.009913136224624813,-0.025175918555474224,0.013073267598030649,-0.011440114965359488,-0.04799046818669983,0.010103626746992318,-0.18732221895689244,-0.7775529095912765,1
0,3,-0.15797920474109495,-0.21866580556973947,0.016103364406427473,-0.007893802013067181,0.06666463774632862,-0.031200156458678706,-0.7406874855420834,-0.03472216230000658,0.08870751305668863,0.3615635329454425,1
3,2,0.05275738210863271,0.1225175243413828,0.03047516957437655,0.012811091912024342,0.07882255983890059,-0.2269892739031609,-0.9593098263178126,0.0274112358071536,-0.3504432641610545,-0.7632187625407186,1
1,2,0.00911355340949308,-0.08694464074282733,-0.002850840935545251,0.02234657905423565,0.003354846166462505,-0.012656337683918795,-0.34065414464021554,-0.013019243517775671,-0.11338845052082575,-0.9400228278704283,1
3,4,-0.06952356051462205,-0.056329188184515024,0.0016211521475293493,0.043856980738667714,0.04627219324726288,0.0154012382112178,0.5744679880419915,0.024669365986269932,-0.15662939205219129,-0.9463403573592436,0
4,2,-0.04921402489832215,-0.08361097574641177,0.023838415212896143,0.002402875328073749,-0.058085280174552535,-0.00949880417793372,-0.5946179886880542,-0.0424598386935518,-0.2320621599087952,0.2419375200822787,1
0,2,0.027219202110002425,-0.2332621657944161,-0.003668032135083764,0.022542986727902614,-0.054163168761714016,0.005932133340577449,-0.04448580246570877,-0.1182493452347343,-0.19762740667784284,-0.9061660190118269,0
4,3,0.12825368677334942,-0.06095053859682181,-0.050533609123397286,-0.026415318296045896,-0.06675875217186003,-0.0142422855454413,0.04540659151272206,-0.023199046748641868,0.7890810051059425,-0.7282607821752765,1
2,4,-0.12252929332986245,-0.2597650353620081,-0.02339169081962491,-0.01664133224771966,0.032044956878636684,-0.008022212635932556,0.227083126189992,-0.08835094815885107,-0.23154146123571995,-0.916244683852212,1
0,2,-0.06599795129401605,-0.11660914010845032,0.027052215751246184,-0.007048745916394876,0.03887393658976456,0.011290482468637541,-0.035441316513255265,-0.0196966383376317,0.3622255981196257,-0.8710507587561653,1
3,1,0.03285442387206241,-0.05555251862920777,-0.019832502073062915,0.0005701900677751954,-0.08255263308829389,0.010334949031328523,-0.5279429137891574,0.022274836847366145,-0.1493236044346036,1.7182498852357813,0
4,3,-0.04643688359114413,-0.21491471530562864,0.031964412847603124,-0.0023638695224661907,0.0904914649332693,-0.10933853920205236,-0.8739509535184204,-0.051217484297819325,-0.31707944781543834,0.2878635380030801,1
0,1,-0.013258518063155809,0.05238506922365303,-0.035066955702969346,-0.11375110940692605,0.09861217593014153,0.0014297602158296065,0.5529986191524696,0.05811863119218753,0.26253614953895704,-0.9779625385214388,0
4,4,0.1372517163898455,0.21573030441564106,-0.017128430400762878,0.027942215486665124,0.001981374370200359,0.02036621698157397,2.5869282016215447,-0.03465097854377881,0.5124918958752733,1.25409745099353,1
0,1,0.01429108100249291,0.01178663592438195,0.08631323511721327,0.050833551823706656,0.7137720703268564,0.0029016129716991235,0.20766948269657706,-0.07026010711001761,-0.2604371657341917,6.749860473529679,0
4,2,0.05818454515468774,-0.14612563771168266,-0.04840114536428704,-0.02514436412037755,-0.057376179109085136,0.020691883652944564,-0.04204780844988101,0.020544169995119304,-0.2413476105439364,-0.4367489059763228,1
0,1,0.042551607648267466,0.2938726303022506,-0.001949239932656053,0.04191672009009106,0.025669232505860937,0.015181640833592356,-0.3633899391833151,0.09810392473068018,-0.17255401719615449,0.061371793372878486,0
0,4,0.10313718630319273,0.03334716374071948,0.026093028931675543,-0.01288559282898622,-0.015723084904904743,-0.007331938279697566,0.17985513191875502,0.09505208156561527,-0.09941481700423492,-0.23466026214748864,1
0,1,0.05130206769309866,-0.16551960576672992,-0.0679920904090614,-0.036996989916922976,-0.10101779979182164,0.002120666439010886,-0.3418849652451021,-0.0886840428923536,-0.014164491349506043,0.3679307507516781,0
2,2,0.029990511250336676,-0.23043479908522194,-0.05092621313364374,-0.07653780716758696,0.010669415942124543,-0.009089767028618656,0.045695817270680436,-0.08620920416689297,-0.11047463486585384,-0.8553534419228488,1
3,4,0.0559267737250463,-0.1667336962151313,0.036930011068222385,0.02036345638324951,0.03498687336249782,0.010498342169806768,-0.8467486709598866,0.05708483976381161,0.07343894892475529,-0.6005635080232985,0
3,3,0.03228296852902675,-0.14031067290467952,0.020201491727841712,-0.00564378790349356,0.03808751886748553,-0.08031866990712927,-0.9988780852655198,0.02843829169642332,-0.09917559896971144,-0.95760514693571,0
0,1,0.02286722973571897,0.208368362286924,0.004880678356741301,-0.07368510722248138,0.3859064955786121,0.013020924307358064,0.34746769762522106,0.006165920182286168,0.15882296198947995,0.7683573818878102,0
0,3,-0.18970453891317926,-0.1373539388997554,-0.00914691724041638,0.012962128394701036,-0.006179844864766656,0.03509180551853828,0.5327833317843851,-0.11007105951381436,0.017347047148935087,0.3511459023591181,1
4,1,0.2480913878112585,-0.2050213698150558,0.01074036283755641,0.012411306872172644,0.08241548875949659,0.00337132377061808,-0.5063914448872194,0.02180475916272818,-0.4542570054015467,-0.973261802290082,0
3,1,-0.05550142819397488,0.3574977444509021,0.00206492524782298,-0.02833993783685685,-0.006923299518594131,0.01988934325766189,0.4353208449259838,-0.04268977013093172,-0.08521840955686186,-0.7478353093885046,0
4,3,0.04051455447480088,-0.20230432407816207,0.00813646087524997,0.011681945519102432,0.03336722284240843,0.05881830666372478,-0.5067866502085613,-0.07285831554421156,-0.1924632410233682,-0.4643024042038895,1
0,1,-0.1568528404424409,-0.040210890271447086,0.02274520934587806,-0.012647976464747641,0.1816662665901793,0.010979555577357584,-0.010122605306890731,0.07130186273215168,0.023898177763721856,-0.1822314970252737,0
3,3,-0.015155136929898063,-0.15886489132468384,-0.008508252038136974,-0.033166826598878325,0.02043269358866849,-0.01912245305895625,-0.5020089406191759,0.026098232168673702,-0.13071283069419998,-0.8320635623997544,1
3,2,-0.14749996216200773,1.0064931889681976,0.032514316613098906,-0.0017699559435463085,0.017226444664852927,0.03228973051605753,-0.9541083702016429,-0.11299931891472398,-0.529075149956687,-0.7828420101307221,1
2,4,-0.12751526129056207,-0.13734926470286707,0.009370899179187509,-0.028108930696774486,0.1995137331682475,0.01158576933238903,-0.003936105937623791,-0.014186621488163891,-0.33990813425769,1.145359251875755,1
3,2,0.04518373513683913,-0.1696941689146509,0.04353212408199274,0.01977070539088314,0.08430149646182425,-0.04294760679964808,-0.4991217284666038,0.04022982832293049,-0.5224721064751127,-0.5174888048966058,1
2,3,-0.13438619958942147,0.33231910230616435,-0.002180324765492868,0.039115591433296286,-0.4501029775069759,0.03688572972878086,0.0855935729149079,0.08332444338754706,0.06336592454089691,-0.3546782558928429,1
2,3,0.042037253604620364,-0.3322791250271835,-0.006727105552161985,-0.01228164530770751,0.03639594193512431,0.0010584835558735683,-0.32082008835491665,-0.05640570226154351,-0.026584366779071958,-0.6470122545728055,1
4,3,-0.034522870558120644,-0.14294473149512682,0.01514713328692045,0.026296215627611225,0.04195100264205218,0.009715251972742188,0.17922367636120998,-0.058851578673868137,-0.22255024426432746,2.063516315518445,1
3,1,0.016409350431571525,0.15210948697400545,0.002084508972179005,-0.007598886612844284,0.1644860206626115,-0.1895489078769699,-0.2298981855192601,0.01144616662336784,-0.2711361447997877,-0.8546847545628671,0
1,4,0.19870609534486786,-0.15338042320587372,0.01368095856649924,-0.031165657430186733,0.0646700109174467,-0.011482098815599336,-0.01779499223462341,-0.006871474282884783,0.0822009034572248,-0.9424443477132494,0
4,1,-0.227431050637004,-0.20479256698968928,0.09730842824589712,0.02972916530642371,0.7005535051090885,-0.0060947442393601645,-0.5535367951144774,-0.02282788429309192,-0.4034124465717302,0.8344302199255335,1
0,2,0.08992680135907191,0.3858030636562785,0.0345580644425046,0.01340120551444795,-0.35330838762584865,-0.029054909629163975,0.7016882253903824,0.12062230640512883,0.09154207406210793,-0.8666894818707847,1
1,1,0.08440078530407448,-0.250539692578166,-0.01008864816294575,0.0029660818091292425,0.005774261471283802,0.004709971331959879,-0.7596420445862874,0.015056170987853943,-0.14113000346102034,0.5779656371823311,0
1,3,-0.11629909759175736,-0.10898490066617364,-0.03071855753067885,-0.0016960043274389367,-0.03495168727596185,0.04552919750878915,-0.6498385932481343,-0.08030398071488445,-0.14995875709356518,-0.9811806482358004,1
1,1,-0.05442230913553884,-0.08331065879209383,-0.06546478922538561,-0.09368661204752947,-0.01936703578889948,0.008738694952992182,-0.4285563188176016,0.06541416217220195,0.15136635738482515,-0.8364462043634836,0
0,4,-0.2511806486249483,-0.3216036668267311,-0.037067783282570314,0.010157738302869949,-0.4805686756457351,-0.0003651689760031657,-0.7090572802889247,-0.07239778296698758,-0.2991825158772797,-0.9140180079804237,0
1,4,-0.02279568773139501,-0.1355403229900664,0.05047694411229579,0.02172351406512995,0.12885232910895975,0.008100910729516459,-0.31630378353192495,0.033465017150456015,0.3751142990376019,2.571835614030631,1
3,2,0.054931459081983824,-0.10561395784505496,0.036438385165118534,0.018415137041927567,0.05806468223917925,-0.003133665333666949,0.1436515019580472,0.0519409203473788,-0.029337011464637224,-0.3337751252366453,1
4,4,-0.1341050896526228,-0.18999734872363586,0.05470079935059848,0.008395754573577734,0.1370207776086272,0.011461281385017452,-0.07313057527192493,-0.04402640213527565,-0.3386642885126637,-0.8940692934965807,0
2,1,0.2807562068616577,-0.10282130449734964,-0.012832760379333164,-0.01092269851529508,0.06348119403012316,0.013520878986077605,-0.09778615624311147,0.09029937649760124,0.19090692610018045,-0.9509109233449948,0
4,2,0.02055344265575566,-0.11859734426037735,0.03288719174223588,0.0041846657270171094,0.10791565449739426,-0.0052736648703294395,-0.36211578548754303,-0.06816077406771014,-0.36850854625037854,1.0415010269192213,1
0,2,0.08875518151712704,0.0234039412718585,0.03465395364750421,0.035794813330519225,-0.2042221273345926,-0.011831391458131129,0.21799935688458505,0.030976186071424924,-0.12827481634284107,1.0586130365018132,1
1,3,0.04892626189832968,0.07655116070977709,0.0020888736758993454,0.005629701888146232,0.0019995521258267127,-0.01855616454137172,-0.9485916187024019,-0.08010110557510115,0.2582305717639952,0.04472043324478565,1
1,4,0.0015257705192764093,0.5527926767515616,0.0011293998473009207,0.011101065114268456,0.005071142055773091,-0.005351433974425753,-0.08968887809632156,0.03257725330477318,-0.03726170304409882,-0.9374299261448172,0
1,3,-0.009665319037053359,-0.2269004282794403,0.0009512971564995722,-0.023970756874711355,0.04113595361089724,0.004343588082012956,-0.8346579342973832,-0.010378828732970078,-0.08014123995513224,-0.9686197621975438,1
0,4,0.017059620351855858,-0.22292311396031952,-0.007703192408205939,-0.044472051230410516,-0.05271352323024666,0.0002825307068497785,0.3158533830294102,-0.055808574587732335,0.08751767132069904,-0.9448371542043448,0
2,1,0.2112619632876913,-0.05239284799645465,-0.057511243924205736,-0.05842306009639366,0.05074032465638263,0.012269547468406573,0.6393834915548713,0.05836136460991885,-0.22989688680172995,-0.992144214899082,0
1,2,0.2423790145681169,-0.05282859259081429,0.021945884744911968,0.0014532777746234953,0.05069474030201685,-0.0013032687612774536,-0.054992173274886716,0.11121248265722387,0.003266618396124413,5.145347436722406,1
1,4,-0.092356695586659,-0.15161917647649722,-0.010075445420649278,-0.001676476200805608,-0.08479026966543331,-0.008870126956574149,-0.8921280473274595,0.002085173237462129,-0.24431437632885655,-0.7033118457341886,1
0,3,-0.06453074824883769,-0.2035894798794472,0.02894017829051168,-0.005446450797811809,0.0774428012285672,-0.10838788015686608,-0.9241228279048498,-0.10497291986912896,-0.25082091970216425,4.492789011029225,1
4,1,-0.0017950209078122926,-0.083315238455372,0.003930049307624318,0.07424718440159338,0.44182921018696864,0.005402044936981007,0.1117034691723834,0.011230580542192056,-0.3077820929632594,-0.8975826825391306,0
0,4,-0.1312635817865195,-0.2455195679823699,-0.012039360383289779,-0.045554628825904143,-0.052526496080000866,-0.0010183624785709783,-0.5438410354928809,-0.13459286653811944,-0.1952807131693702,-0.8261158454978509,1
2,3,-0.17851483100316534,-0.011119347664936885,-0.012912689350402377,-0.033150961832678065,-0.15536142756328536,0.07136714311177966,1.9708149918988176,-0.08101927059277188,0.6273230062987936,-0.7096276571804552,1
2,1,0.1119365469406202,0.29275070816335635,-0.03057738296757847,-0.041681683309991266,0.02471856477540919,0.015638694873098533,1.2265941765802597,0.0930960806580776,-0.0242989036411963,-0.9945201108808228,0
4,2,-0.003324042866594651,-0.1307974965780529,0.0069400289322891105,0.04493771265056521,0.08240571897305868,-0.004479591596141125,-0.5223019005164037,0.03340077256890468,-0.08675314749894285,-0.5267806144637854,1
1,4,0.05542112357922948,-0.1469845312923597,-0.0012789678714093698,0.02782028647563916,-0.02068709686424338,-0.005445156146880105,0.5913362990881319,0.030974319041921463,-0.1018119273721208,-0.9907476764487996,0
2,1,0.18510479983057185,0.3670959479002135,0.006290030649396028,0.04039429483754793,-0.20407170281298664,0.015638694873098533,-0.215993387613962,0.14857079669600146,0.04833694062211108,-0.7934694936517165,0
1,4,-0.19827351502331106,-0.12298132681285005,-0.007325562758883826,0.0296664841897345,-0.045631499482567735,0.008100910729516459,-0.3350498802513045,-0.09505017250343778,-0.1730951474882826,-0.8691090759416931,1
0,4,-0.0021421399429590537,0.017964905266044374,0.05929336228239065,0.022573626040805476,0.2307434383151091,0.004817465272087868,-0.4382655552008041,-0.005179355691326095,0.15315604992429413,0.30688524941416456,1
2,2,-0.25591602602056623,-0.012087912087912229,7.023138265088308e-05,0.0047059341440830425,0.03284356326357828,-0.026927389032961283,-0.2002226787846048,-0.11197275612526328,0.2523544010295016,0.2258255620626517,1
0,2,0.06219539316576541,0.4942358115060495,0.09142580184239496,0.06043977892131466,0.03851326249715507,0.0128259280269331,-0.5178051432307365,0.03742089790924129,-0.4783206434389064,-0.4696654454067257,1
1,1,-0.010275411809463102,0.3384674672475482,-0.009476377520130686,0.012106022505730176,-0.004315233885902814,-0.003353595056559063,-0.2139246509866072,0.041435569045881394,-0.08703412033969232,-0.3419466628417456,0
4,3,0.017032692638243356,-0.053017572332239866,-0.0057790924134300216,0.01851502266236052,0.0018676065123542785,0.0002113276724767174,-0.3183031054884781,0.06226184937468971,0.7527749281971703,-0.7293366681393038,1
2,3,0.02430237225979013,-0.2038828472092352,-0.0005229389401860182,-0.02653173772249929,0.07383457279799235,-0.0010553863131217867,-0.4668500245771957,0.004432350205843973,-0.19260063265921454,-0.09700409399800523,1
4,2,0.17215833599667213,-0.17572344716145946,-0.0658597472971367,-0.03388691462773311,-0.1919976861835949,0.01820814436572625,-0.546566824824532,-0.020113581309210517,-0.33833743915276066,-0.2891924954365381,1
4,4,0.012037746600528455,-0.08572975238837341,0.018078807241721208,0.09777118686917594,-0.08155794010040104,0.0162637329882867,1.4771176849348944,-0.025731528966175355,-0.3707268630438997,-0.8045853324208871,0
1,3,0.004200936173494341,0.10294899989767743,-0.020348618271876798,-0.00632847809856101,-0.03427296322861932,0.0507314351281967,0.16313843577407164,-0.04934236935590728,0.1893808700530868,-0.8644305355689853,1
1,2,-0.0970814196309934,0.2464519601388437,-0.02151289032328934,-0.019692056213378276,0.02425062183383437,-0.0005222160697484157,0.5658515139559757,-0.10591125412311353,0.0374217181544633,-0.9207333821094912,1
1,1,-0.12292406480684046,-0.23473984700337375,0.00015361493966330777,-0.02783514438605453,0.18205434830150766,0.0073835205693474045,0.2773074890638761,0.02222070237998437,-0.21588042176477493,-0.9581260789607142,0
3,3,-0.006081382146387288,-0.13269383840566473,0.030416005666116783,0.00306666431376195,0.05475740473743192,0.03638217670794912,-0.7595378726549118,0.05559346759232802,-0.4187328289723656,1.2624034229839036,1
1,2,-0.10945937725176663,0.055480656511222484,0.024311608158882413,0.0003925115994092149,0.06480915419825281,-0.005801853761877843,-0.5501730618238492,-0.08702404825734239,0.19843406795488486,-0.9369458970043254,1
3,2,0.08614672031944974,0.0015873303342460266,-0.03360856117334905,-0.005941579519106978,-0.003356908041793057,0.03519224744433428,0.19300491232242376,0.05383945776499793,-0.4179262471377883,-0.21306598552340172,1
2,3,-0.1077087241692295,-0.18787763024281187,-0.0040331662328060795,-0.02805151115019597,0.049186462751108585,0.0053952650338529706,3.0858769028302366,-0.03975750561073282,-0.1986868404811334,-0.84779867298031,1
4,4,0.017499587296422002,0.47489210850198105,0.06077654614774445,0.002715764565564996,0.1765909455189503,-0.0346450262434541,-0.00830009208492062,-0.011268514551406143,0.4795725366476662,1.0820409144569267,1
2,2,0.10125712486640988,-0.4009118055235192,0.03367258758822266,0.017683023446210294,0.032168199370088746,0.04026211463328619,-0.008795940857810014,-0.13885737910119164,0.2527744612208568,-0.4498735903187587,1
0,4,-0.0604284943430774,-0.06838436973090352,-0.0345095641056449,-0.017581800566214924,0.2601829381128016,0.004337071440941985,-0.3945463714306484,0.02336858221516697,0.02978491708663615,-0.8707372426566414,0
4,4,0.1542670189226007,0.20229660359772145,-0.033101978256450025,0.026973004640834877,0.018489944958290372,-0.00013901772454006368,0.5197728790281102,0.02561745269977193,0.3766857469008821,11.53089099787771,1
1,3,0.0074671033735383705,0.10441563845138098,-0.0005998428665929751,-0.006804232949130722,-0.0006862742748885125,0.015836511454956202,-0.9187365129666822,-0.07574181270347588,0.06302560418996353,-0.7191522279140781,1
0,3,-0.41156376928047217,-0.15946873325344413,-0.003167714277359635,0.010526607530947463,-0.027441210974957768,0.041682537925959016,-0.16395636769625094,-0.11717626269890695,-0.247160068798608,-0.7507152465651186,1
3,2,-0.09362770992697184,0.16992591154602327,0.001674411466403545,-0.007506254821475059,0.037486591601118134,0.029444630410683438,1.3268203925870086,-0.06663127008026444,-0.08872981141408738,-0.4264916231531092,1
0,1,-0.011648236755464392,-0.15552122317346256,-0.028978662856933277,0.016519260522747048,-0.2748242197882728,-0.006044142907914384,-0.44805772522528536,0.023502772324141257,-0.05363644494484345,-0.6307236184673486,0
0,4,0.24213721100119895,-0.0470320323622264,0.03413833437667857,0.0016869483119116954,0.043624466808675114,0.003411307935966082,0.15400630562605616,0.07287568152554626,-0.1750552007865004,-0.7305606959295874,1
2,4,0.16954743493310528,-0.20504905889283226,-0.0252340017721149,0.011633642487060348,0.007583050343793585,0.013600769892111408,2.2658045879584123,-0.060071079000380515,0.04332175311416908,-0.981001935256714,1
0,2,0.1462522462655927,-0.01425380496470815,-0.07239820249423144,-0.039782064963908285,-0.040451320883160564,-0.18034497999663854,0.5650408056627463,0.1177896666335735,0.08041757075933073,-0.9450446259132168,0
0,4,0.061834217246063125,0.12689513650166462,0.016340293618817732,-0.027835339011307525,0.08418691941920034,-0.011409406321770978,0.04512570660481493,0.08340224637273304,-0.01259641556281102,-0.7689076899248377,1
1,4,0.14532553826007913,-0.13528479122850198,0.009767766536648449,0.06419219125349822,0.016889853723338063,0.0013185724426229956,0.688149416537364,-0.0022208998547223005,-0.0547175423235067,-0.9628192329689208,0
0,1,-0.11327608074762817,-0.07276276583059152,0.030314286761518882,0.008057085300384497,-0.10137199576162356,0.0045112502733472256,0.2794647528429913,0.10206291485136276,0.2347125297461442,-0.5687804835005814,0
1,3,0.050613891204438016,-0.196761269761605,0.01438456773635686,0.03999150375259157,0.04871605785117725,0.035584117034956585,-0.5665524244583188,0.09441674928740916,0.1812705936410627,-0.9195774899861769,1
3,3,-0.024583745822021625,-0.13879482317199004,-0.010495657443092664,-0.0001987291157780836,-0.01957890641285976,0.06967802349682217,-0.9864339244486724,0.05578219851808816,-0.11466942860219775,-0.8011020344422518,1
2,1,0.11816911453778142,-0.0553153979542943,-0.05879531419050595,0.011167227297297464,0.04247174510798225,0.016307665772864383,-0.028114108307655112,0.08883121063464766,0.6900338827594741,3.973363424230991,1
1,2,-0.016182091580794256,-0.11204880806306157,0.04425253439082237,0.024985772357665324,0.12130826457841523,0.01174824320660367,-0.3529585716215156,-0.010583318878388448,0.19359391393318676,-0.880564173389683,1
3,4,0.02369916674453238,-0.00040960950627791067,-0.03404061792629099,-0.046150378871088964,-0.03423214780582464,0.014059872640171242,0.3964279255733375,-0.013524146451047629,0.20416386709568776,-0.516494504309944,0
2,4,0.08708698258001861,0.3505865909101742,-0.04767033800683949,-0.013917857935843051,-0.623961748834329,0.008037692784366866,1.9379237340976845,0.08887051263492983,-0.18758847100905796,-0.9996109681255269,0
3,1,0.160547179516134,-0.09640592855718738,-0.007701761247473673,-0.0007192620647207184,-0.017343173456800594,0.007839481761817018,-0.43340568195381896,-0.011442545292109228,-0.28782180368722404,-0.65808177544204,0
1,4,0.0436913428600873,-0.173612307633989,0.027948484808262463,-0.011516651866336457,0.12074288527094312,0.005417966914504515,-0.2374985613642572,0.10565189713854813,-0.16433070642958605,-0.7037073145947921,1
2,1,-0.2516924835842443,-0.11103624617982932,0.006332714534242649,0.0032770438321999976,0.05725761959398583,-0.0011097516445530279,-0.4853071804105622,-0.12981377437846411,-0.1853685248477096,-0.9074588515111848,0
4,1,0.12105303288060475,0.17527173083012007,-0.031238145519684974,0.05467477517548865,-4.314235119162094,0.005402044936981007,0.7564505545423215,-0.01849195822530527,0.5638126455528008,0.6893056194163575,1
4,1,-0.1390504033703598,-0.2836208503758895,-0.021014292649389376,-0.04561591286506917,0.26285752541469176,0.0027156782479279603,-0.22486741725943887,-0.001318902575123818,-0.5215577053042795,-0.8547066376906822,0
1,3,0.05695263599621792,-0.1274783280436987,-0.011335540809425278,0.007907038620656604,-0.011062630974287415,-0.0050655960524073045,-0.4863142951825061,0.02209080231172276,-0.16435617119991822,-0.9862921523990544,1
2,3,0.045447106032342637,-0.1254390505115439,9.731510916787274e-05,-0.007235697435654345,0.06631594693977337,-0.04272004388190977,-0.36062746333605855,-0.056074974735406034,-0.14463040674367514,-0.17179445267373716,1
1,4,-0.20528064132349091,0.046135822282974234,0.010044506059418378,-0.02252097146245701,-0.01184977302408888,-0.0182410419748779,0.3258671765308653,-0.09732253747631336,0.1117347754038926,-0.8490081352613357,1
3,3,-0.16174735241835306,0.9349863750377896,0.004609374770433682,-0.004806876171274842,-0.013182232614932959,0.12232367539999768,-0.21684213487922374,-0.12924866341593366,-0.4249974782641993,-0.4776497690869544,1
3,3,0.03886127238180137,-0.08402099069822078,-0.027991323811751838,-0.003915855370629049,-0.01869439251422992,0.022725603155601844,0.1691121386264336,-0.01237907127187546,0.22460557305902956,3.8307365482231175,1
4,2,0.13003911868009194,-0.1819785982193184,0.0500689153835782,0.03744940343273346,0.11156225362287013,-0.014397022746996602,-0.7633471873494074,0.016769497606897485,-0.2284762060482699,-0.7180961395769017,1
3,1,0.08376647513681289,0.09609923887451413,0.03551371224539065,0.03370232130050441,0.0891424586760315,0.01988934325766189,1.1727513713294455,0.02076067858526523,-0.10300217149935996,-0.9658081775442041,0
4,2,0.03180694845733148,0.0968252868017627,0.0220379765484282,0.015228623621420637,0.0944963690984724,-0.029475228692815183,0.11767668623341733,-0.02444670711710066,0.5572469768339889,0.7884749660484363,1
4,1,-0.016116359683773052,0.1275361144257819,-0.03791216105109069,-0.03545222795729994,-0.13444052684037566,0.005402044936981007,-0.2652705149726803,0.04400802217031816,0.29817379192575555,2.9125313840303684,1
1,4,-0.05118107718315505,0.03222628169344903,-0.03437800824852435,-0.025544997169215683,0.032752733843389184,0.008110807975677462,-0.15919462684543725,-0.04363393537936902,0.1305297446790775,-0.983920174335856,0
0,1,0.06836807203096544,-0.12596185232296667,0.05580255656761283,-0.003232920360329861,0.17997364944381786,0.00016823970455251416,0.4255703211454217,-0.03332146042568918,0.1784377535258765,-1.0,0
0,4,-0.0613853213401073,-0.2109526259149216,0.017354298634814712,-0.04216709390388496,0.2684735757040265,0.011729237695670334,-0.006752858775615697,-0.04125924077433685,0.06182365957293647,14.794632936644748,1
2,3,0.10568453351665884,0.5365700090980708,0.04098709855103577,0.017405493934115668,0.12561919347777653,0.01217322646524271,-0.6894361012787272,0.12253933244972075,0.1767352388134502,-0.4745991402733719,1
4,3,-0.04598531383004282,-0.24324274502992904,0.02413287999796269,0.014458652205341963,0.06657824535893056,-0.07900655678848911,-0.8930398684682466,0.08065070438730869,0.4520762853340636,-0.4014832588706953,1
0,3,-0.07724853836425419,-0.11639641913586525,-0.0008988808016887883,0.004157084272175162,0.03017882263191904,0.0609542196211599,1.4970637055373994,-0.04865588365737,0.11054997959195577,0.14076601268950986,1
1,3,-0.016576949710147997,-0.2247354856856183,0.009388659202339658,-0.002526876448929848,0.00020597867052288139,-0.031089582736683687,-0.8257183755599108,-0.021679426564457788,-0.13460060459859227,0.2653550245767986,1
3,3,-0.1152453364366551,0.15865341994250412,0.005675747090330485,-0.0038489022570939407,0.02145312639069932,0.03794186602520204,0.13218317085681625,-0.0033876728528488627,-0.15440371971413014,-0.4338728245277709,1
2,4,0.02100186015011679,-0.15573049906949796,0.0011739038131093206,0.025650184135776327,0.0596684239301817,-0.003891882633704893,-0.2983001000203788,-0.004703908241014927,-0.05383189912899065,-0.9924330226556292,0
4,4,-0.0702843698718413,-0.26664527108507546,-0.03396957438689237,-0.03080228318960427,-0.06868225101277185,0.017597092717122616,-0.04935774731856076,0.006005650437621203,-0.5440943818841423,-0.9320959163746818,0
1,2,0.03532857410307918,0.8143866627323575,0.05554805948414147,0.025246309969024983,0.09170929498203877,0.026149101527099608,-0.29644235260590385,-0.06468845185523116,-0.18958429699298548,-0.7778888405530733,1
4,4,-0.06700445110619767,-0.22182923770000668,0.012303655514642823,-0.05173568682333487,0.1952644047874336,0.014966038563793345,-0.3637893675303221,-0.04829896585574636,-0.36927692840189263,-0.8944249442150076,0
2,3,-0.14507905024941528,0.17160859896219438,-0.005473548839145789,-0.00632840301374318,0.006559308971382856,-0.004166585789757617,-0.8932676518883417,-0.1149824192274589,0.148206941673334,-0.20946416154009234,1
1,1,-0.11657520070276176,0.09925836907402698,-0.05563053114558196,-0.04893070067045192,-0.15870226785784922,0.006695722075218317,0.3833443565605149,-0.09143500744540313,0.20229228279562456,8.799396550399313,1
2,4,-0.10855449832650894,0.3195869537423393,0.004949500511326999,0.013642278095022931,0.09883505456160407,0.021471029849182727,-0.4363476538422821,0.07517632274484769,0.03362886243769333,-0.8324779351070593,1
4,2,-0.03138649794127063,0.17756592898543544,0.031949516342989086,-0.0037886433732261656,0.0819045845691332,0.029115382390666626,0.5542327247437411,-0.09713461309959627,0.3340298635410035,-0.2128678255326602,1
0,3,-0.05173499508556758,-0.19792136080248515,0.0070805297429704485,-0.0028126032574046244,0.012899830104668514,-0.03650940816901794,-0.7782017127593972,-0.04997329692072669,0.13738373480882032,-0.8897609797525533,1
4,2,-0.060180884106887815,-0.1913386812188811,0.001378322095058193,0.017984052429621485,0.03784817363564531,-0.052541982730138236,-0.8371324020340053,0.08049595678908121,0.5031332566964524,1.9263838807957927,1
1,1,0.2516381278462845,0.060015472576716335,-0.04966587280274767,-0.04619767385718726,0.006608318765320348,0.0012889879194979293,-0.2372755784757232,-0.001234980242973772,0.1367059582490708,0.5795216458088946,0
1,2,-0.03844078334399036,-0.08747675730923962,0.03885771803191178,0.03958499252589719,0.058066563886445176,0.0040645807870978955,-0.6395709853313893,0.016279289892164872,-0.2550968008060413,-0.9441892350236674,1
3,1,-0.06077388335000746,0.30810894382610376,-0.050906818210805414,-0.004918102146945646,-0.044346786257061135,0.011799812639625188,-0.3819024871961498,-0.05165006755972931,-0.18321443476946944,-0.9572602219302552,0
4,1,-0.07285521094107776,-0.018876235750254683,-0.014675155445258919,-0.019243820060331672,-0.01735641198802702,0.0029124103758604355,0.14060155841199248,-0.03069711329203757,0.6060881202340525,-0.7119447023834871,0
3,4,-0.11922826801069228,-0.11583912640625353,0.01018427379842052,-0.005720131974639788,-0.06702301145325515,-0.06504197838362831,-0.3405971889423657,0.04793099067965878,-0.4081187548389851,-0.8065041315248541,0
2,3,-0.05024511466780759,-0.35073659521339184,0.008562219524365278,-0.0042317228262709955,0.06043512836608366,0.016100912113638215,-0.847239259239595,-0.04286854943373728,-0.2617886249076426,-0.09055942346566816,1
3,3,-0.0436096240539528,0.2279032493879707,-0.02277221334744924,0.007421427993786632,-0.011309543477848807,-0.016094112653473994,7.369861383900888,-0.06748097344403252,0.467009187505136,1.6684651183498669,1
2,2,0.0625339903030381,-0.21115599278117492,0.013766745714047743,0.00636869580513794,0.0419937676025854,0.0006846022992722474,0.1109101877233593,-0.016854311419850474,-0.03874103351425627,-0.19903037735850704,1
4,3,-0.028412141396487955,0.19096976437333496,-0.018989961565085103,-0.008285035002640542,-0.023321118600418224,0.046691017131633705,0.7690114304705677,0.050232630355542485,0.4922093349591444,-0.4545215199302461,1
2,4,-0.4924211540477012,0.10139457739116124,0.03490754919518012,0.031275484340908946,0.08597847204504053,-0.008299525942594484,0.22217506252720529,-0.1134218313583174,-0.16443960084289666,-0.2415852188643737,1
3,2,-0.10360930558086537,-0.06545569874140571,-0.000672859296346924,-0.007248225442031123,-0.007241875069412771,0.012419953302378384,-0.12745035447225112,-0.052843026039254004,-0.09225706704276007,-0.7777384241335699,1
1,2,-0.2252458094342961,0.07452469302427177,-0.04374250374809309,-0.02528272591069842,0.006736988385756264,0.024063837393642703,0.6159790814886228,-0.11369642120064467,0.1383841340363691,-0.9893774588942734,0
2,4,-0.05168649619708148,-0.10392076035542956,0.04438278968916763,0.019594111048711844,0.12725090509224118,-0.06142631484835062,-0.902345632099611,0.07259842005385543,0.15407985439495528,-0.8491662916186191,1
2,4,-0.13052090541700265,-0.18337837055667652,-0.026014475236885947,0.0008921833982469623,0.0857445807777662,0.005778249767462925,-0.3327387489954484,-0.02624734820898529,-0.07282718440595973,-0.9948351623585016,0
0,3,0.11923171961329301,-0.10908182863501804,-0.008508717125226665,-0.0109070221928452,0.003709431470020652,0.0461092016407746,0.0415179453670935,0.05055243619083963,-0.003940194766481065,-0.7105382612648652,1
0,4,0.09150169103993644,-0.17295080493202988,-0.10828774917634436,-0.1047778241303969,-0.3209920525073865,0.015483572445706025,-0.15867442570219512,0.1112344325840558,-0.14530579916310232,-0.9730950474121864,0
4,3,-0.1008840278459652,-0.221334470233132,0.015645398093382796,0.026869715632878103,0.03546244238427545,-0.0872749216257965,-0.7625141670510732,-0.07674516890912167,-0.4591066672284312,0.9427441086814162,1
2,2,0.01140113849036394,-0.2810013400497783,0.011733864624997457,-0.006943950446549783,0.08008801423490068,-0.006023227309717232,-0.7940801746462848,-0.016007117936638202,-0.06223207397255559,-0.7988308534458962,1
3,4,0.08365702217133786,-0.04194839551775649,-0.008164213439345524,0.016061059896243332,-0.030756982232703917,0.017435319466022652,0.8642033146993546,0.005059602006349864,-0.23656476465283074,-0.8530046946611702,0
2,2,0.07637343613380998,-0.16230816521960784,0.039571862982418264,0.03362533322504814,0.03925710971714939,-0.008382000547032545,2.683644673104125,0.0987617450890786,0.4834693595222204,-0.7746349113228509,1
3,4,-0.10721608637320634,0.05862175351093524,-0.028679820926026424,-0.004781755726216799,-0.07151256280654224,0.01470284598069656,-0.5775499936071637,-0.07402558266463675,-0.1233040209918828,-0.6953042237082246,0
0,4,0.10289191151620396,-0.1376227030991431,0.012021954541141409,0.05190677496891601,0.01655087025433017,0.007108978585638725,0.592241082284491,-0.07044724350623051,-0.17812285367181285,-0.9589584078176284,0
0,4,0.13885049152675585,-0.12301684198878685,-0.015541669853373054,-0.010834906712811277,0.12052394515545355,0.014501880948905074,0.7137789120015153,-0.017470701908084682,0.2559534174996903,-0.9819471153051651,0
2,2,0.028953420753308624,0.4388956826294712,0.0010147799026926554,0.03358451830801624,0.015668746033782804,-0.02596233420682329,-0.5758458707780776,0.13856501485568964,0.5465987325055083,2.933705630097092,1
3,2,0.1430921135416535,-0.0831125233923866,0.031114670631586495,-0.024985236463572712,0.03823127062627255,0.03140915383871908,-0.16081513305615291,0.04293091018347316,-0.20778500186581209,-0.5486450209068824,1
2,1,0.21977639677900532,-0.10328105055966638,0.01101319034329212,0.0006075656387639643,0.10485346184869716,0.00034252623377020665,0.4435410069617808,-0.020215168615478597,0.02225047157271816,-1.0,0
4,2,-0.08280673242356601,0.3482994964280479,0.033110423244272214,0.03213700204405007,0.009226659697496096,0.0405360554261853,-0.4014243043328968,-0.0355962168664986,0.33514316675734684,3.4315617701001733,1
0,4,-0.3114162048385774,-0.20889020026050864,-0.045418343012038745,-0.004579183519344976,-0.0826927042998989,0.0029318925379387536,-0.28013571007972554,-0.11911012853514134,-0.2194327557703614,-0.9880030375346144,0
2,3,0.019999929684598808,-0.16031764661601675,0.001109912628381365,0.02034573315184834,0.07276910746697288,0.01306307256704545,-0.4405354657160848,-0.021163939895696333,0.019074094337575176,-0.4536917676022093,1
2,2,-0.39534926714028495,-0.12362637362637385,0.0037464224802725727,-0.028636668592355568,0.03750865671371286,0.035974484045037065,-0.3288009163731841,-0.14482453784810376,0.7476054209621096,-0.35449036651777777,1
4,2,0.01373175423274342,-0.17253004544332387,0.015026150426096287,0.019061584701535957,-0.04797260380837258,-0.028602366786703193,-0.6017302312167467,0.0052372463300086325,-0.3318910438193477,-0.6520542225077012,1
1,3,0.08734524685003743,-0.1563501972606681,0.010316726819957506,0.015737572847176425,-0.012466686721238069,-0.009513278655486065,-0.5711725266267125,0.046577872207749234,-0.2729814863401481,-0.8389127694898643,1
2,2,0.19523888492118888,-0.14240409740614465,0.02192922144033474,0.011146300707487313,0.05777151186678621,-0.003349850700792679,0.027682527645237643,0.10217309039088604,0.3462412858007879,-0.7598372371107841,1
0,1,0.01264640265271717,-0.11924914733398458,0.0617057545973477,0.0046544165583966065,0.6822322492581997,-0.0962653654152303,-0.4388361436470761,0.01264640265271717,-0.4388361436470761,-0.4508502842369281,0
0,3,0.09757324117044493,-0.050462891181379366,0.0015531466506129626,-0.006449775382558855,0.003525533066794203,-0.0391176711627082,-0.4695895078348797,0.11302831817897575,-0.14409046947773027,0.4597597697680728,1
1,1,-0.08520228327686988,-0.1396199299072476,-0.04229213660510527,0.02520623443292494,-0.027946810643109957,-0.008818331279572619,-0.020607580452457287,0.0029042847816586038,-0.08375626087018198,-0.7817092786779434,0
3,4,0.1622576982141693,-0.09176361941678003,0.011397547247910105,0.029005750402677177,0.02970736840574101,0.00999472426372482,0.4005907642386856,0.039984835985559734,-0.09882869574759913,-0.9523687037456928,0
4,4,0.09663865877843283,0.2813708905732625,-0.06036990553869255,-0.022416746589789448,-0.1252334294266134,0.02036621698157397,0.9710994025137054,0.01864878603983593,-0.3925975383405358,-0.31454624921770336,1
2,1,0.10146325568707276,0.5403644095924736,0.030915557492248318,0.034159811304745616,0.1664716159022479,0.010263159341577151,0.3497005035891757,0.11598540628899325,0.6199866599109471,4.121822434277169,1
1,1,-0.189791611804048,-0.07863124980012592,0.010268151426920244,-0.05591592526731666,0.11525709574781187,0.007390328104218488,0.8527119039236369,-0.0659779177838856,-0.14348602032723948,-0.9768327604489502,0
4,1,0.21462297327328173,-0.012200933027486292,-0.06278007280923371,-0.01844117156892281,-0.19894192479876088,0.0013724949034014226,0.10170434097256856,0.0447048665619203,-0.1419800531887043,-0.9503207450833476,0
3,4,0.04063821948975525,-0.13267891226129055,-0.0021420983958943137,-0.032237998348919016,-0.010318359755615356,-0.013424211859085069,-0.7799129127364788,0.03985512851737715,-0.4401769714240185,-0.8492645774247386,0
1,3,-0.12319572361332592,0.0991078020071476,-0.02206897700111688,0.003282965799590144,-0.06812714206712629,0.0007033645321571934,2.487632239667457,0.04624642192996607,0.4220439154369487,0.2354132638987357,1
4,3,-0.04784228500877258,-0.01541360067066178,-0.008119088724222677,-0.0055600784044996425,0.0002622059792223988,0.13655557240053526,-0.2803562121195806,0.024964315231552025,-0.20116778096631208,-0.44546083254509056,1
0,2,-0.0009257834502770011,-0.1555749753418812,-0.09746632817665776,-0.06536328686196677,0.0501418789389793,0.016831848713952775,1.1136598136605564,0.0458537953825317,0.3082544002054412,-0.9926326452614191,0
0,3,0.5161842548038764,0.18457805545750192,0.005347693072044065,0.008814537334148645,-0.04941554744297075,0.03222151580651099,-0.4533947569163971,0.19700868354078635,-0.47001201459807,-0.07556002442446312,1
3,1,0.16687602004732774,0.007651928714562059,0.032337767979423414,0.028507746679575,0.03449822869004384,0.018458481039825444,-0.10397499765317422,0.05349274005470537,-0.2358103434256071,-0.8675066879837905,0
1,1,0.4414115139391216,-0.205363348822702,0.005400481337106086,0.03145524293831073,0.04181426669340522,0.0033008501988574263,-0.4255261084732099,0.09268342714076894,-0.024387588469330642,-0.9619642335729032,0
2,3,-0.010647631622898834,0.1007640092458288,-0.003902187916919624,-0.004822334533488894,0.04244234221434677,0.03308364629850445,0.5703495064728733,-0.021000314349902655,-0.15866739792987547,0.08945509001383553,1
4,2,0.04679339750610488,0.11576643560757112,0.03559208834993281,0.016732706714793422,-0.028814039911803795,-0.06445583667009062,-0.7501399745446972,0.05404488089820508,0.7026141086090549,-0.20680677790966975,1
3,2,0.005656870128715186,-0.04344085050488943,-0.04082892169213923,-0.01068291416679715,-0.08665890872859087,-0.012937626592357934,-0.3427671562117208,-0.005105248962222444,0.12717956150682685,-0.7538838250371839,1
3,4,-0.02005238201477865,-0.07217917096780406,0.057477328313319725,0.01857615270709836,0.15308629589338718,-0.018785721385917685,-0.5008155932194492,0.034961286034596833,-0.19086902321067725,0.38190306621219255,1
1,3,0.01358109541741128,-0.16114932440179872,0.020113450409285416,-0.009666234005627472,0.0598162814983878,-0.0015991069535008658,2.1301764485475245,0.0017634195514462593,-0.07737884233757307,0.4753321245505299,1
1,2,-0.007787377495335379,0.2777128352253996,-0.021836972732346204,-0.04621441015732165,-0.03214763379612344,0.0053830655326372245,0.3966996554380401,-0.07430479456873898,-0.06664545106780367,-0.98760566051925,0
2,1,0.032844277347129795,-0.021120073639852226,-0.0293119754252746,0.024289441391796437,0.004153576610859763,-0.010741071684227707,-0.6079367216703826,0.0587749246621239,0.21798025117057032,-0.7429433831367873,0
2,1,-0.2743051600002174,-0.14284249781075514,0.1147709284569496,0.06380322012035844,0.169225088331656,0.016307665772864383,1.4754305579697884,-0.1600894522923391,0.1924811210141508,-0.9872008184209432,0
1,1,0.24086078530582414,-0.13545117846428514,0.022638346804025336,-0.00015039168948915508,0.05286979903626525,0.004693594406671131,-0.4647785824206207,0.04280295048349771,-0.13550566201372927,-0.4986194425519053,0
4,4,-0.14058952713682588,-0.00033329959241799737,0.010196305530097613,0.0027200639744437843,0.01996156744922377,0.02036621698157397,-0.2445076181657013,-0.07638428007685359,-0.16353358687492867,-0.7864695489759769,0
3,4,0.17591492445148493,-0.09421373698703443,-0.007598463751715181,-0.00598389137215474,0.04629995721218942,0.011223289955179041,0.007692071881096673,0.043694562407196866,-0.1836038646842152,-0.4989447234313028,0
4,3,-0.06996425497644866,-0.18143848822573655,0.007374719648976795,-0.0010167199606467123,0.019011227498330046,-0.12605233046245334,-0.9742354835513471,-0.07138237689790465,-0.39091681354236896,0.12294184236137545,1
1,2,-0.01784613102871081,-0.1913566857428496,0.04735135117435527,0.03087112063445108,0.10311786041343776,-0.02141745004681918,-0.6280241807993324,-0.00017378165309246135,-0.3244483742413154,-0.9729472255093924,0
1,4,-0.05556692856965551,-0.14194787620199048,-0.009601928099329766,-0.00364407780975217,0.0829211275483492,0.010821073939309036,-0.03443490259702586,0.05702100726035639,0.11858592464439685,-0.9702728941111528,0
4,3,-0.01514857958549819,0.015042217109702475,-0.012535734777314294,-0.007503415770490521,-0.0458614389333059,0.02510843822709715,-0.9577550553281562,-0.020246016043503443,0.5483328066234773,-0.6513885265362089,1
2,2,0.09811431794461707,-0.2707883874889602,-0.0458146213824288,0.007083317489625446,-0.09265680088752692,0.02348828181248662,0.2656760482533861,0.06980241510180173,0.20130022312306795,-0.15881493903858074,1
2,2,0.05939600756317358,0.2391049741106569,0.03243459861727066,0.038451635150674485,0.1230284928993745,-0.021801066803672182,-0.7533110344893386,0.004414882321261753,-0.1996639317083889,3.065271949573405,1
0,4,0.007526578109866766,-0.18117009043908333,0.036974588836370635,0.04804536947942835,0.2393999112449057,0.0030703693234254816,-0.11525069465950903,-0.031127264709562494,0.1890400811690449,1.734396592016545,1
3,1,-0.01271510106581122,-0.09427926899315728,-0.05137865339017149,-0.027266772174025632,-0.06374701207910696,0.01788727214961909,-0.3922244785454885,1.0351431613646756e-05,0.12563602013082215,-0.2306839947445901,0
1,2,0.2289811341370366,0.1072243239009922,-0.002298493605984177,0.033821990976638905,-0.01367396930383764,-0.03024286992029077,0.05615403561632566,0.036617265054637284,0.09005387109304609,17.94586919074191,1
4,2,0.10796536513899838,-0.17657884090549006,0.03289709008999789,0.03274690660488883,0.025314633844881317,-0.04769705187699321,-0.6594625971256365,-0.07823740479292815,-0.18989168640591134,-0.7418447260387385,1
4,1,-0.011222187870861731,-0.18562533101631545,0.11958188176104095,0.15615851029198882,0.5592980098801789,-0.0006635416461525486,-0.39733327940571134,-0.039475182984507175,-0.36255123725355015,0.3856609505117741,0
4,3,-0.02403451650979804,-0.015545249746949425,-9.027485757517537e-06,0.034916219544126284,-0.041622243199582604,0.10949612280247308,-0.4759279947990784,0.04288034429789498,0.4081459405057668,-0.6075899280069432,1
1,3,0.037758824827360114,-0.17341903483412768,0.002507058317901701,-0.002549180888212728,0.020440403670610573,-0.046160332445205635,-0.9294550038584404,-0.010303504751581231,0.022261068198374926,-0.7217973850051563,1
1,1,-0.07321642745813685,-0.14098651951416355,-0.009745586828794341,0.021350743632772645,0.03197309980181567,0.008738694952992182,-0.14236897827196068,-0.0341100260782501,0.1380812816017642,-0.13382186454656742,0
2,4,-0.17408036568323154,-0.2714993749187806,0.040327227015095085,4.136715531083205e-05,0.18457419326607816,-0.0020004590325108053,-0.1524015353861659,-0.021244985224633774,-0.45764978601632395,-0.9968142959588836,0
0,3,-0.10618550409620447,-0.024270248739442956,0.027586450276015955,-0.0172085226254673,0.12443645347389562,-0.07856420033411096,1.1993922179662433,-0.04336258741882123,-0.15631574702256287,1.4741007333437943,1
3,4,-0.024276901997985868,-0.1157882558944802,-0.024687322700195545,-0.012520343709480014,-0.07041499327575433,0.010022816165511192,-0.4522749505076797,0.007238582684910801,-0.20940161325279136,-0.8671221318147858,0
3,3,-0.013022239590912666,0.1450211501536068,0.013905779967760476,0.019266453958562225,-0.0629918823386976,-0.07492023794213794,-1.0,-0.061111957338862086,0.2694503338113334,-0.2840230362074044,1
2,4,0.1737961408763548,-0.07880770822988978,-0.024799428836301426,0.01683589657493634,0.06212607534706309,0.01740776560494004,-0.17117021391814444,0.017897437669259792,-0.16022629793382018,-0.9204862853291724,1
1,3,-0.03549769450719282,0.11965653666964175,0.003413485586220759,0.025081322610681862,-0.006114005093525894,-0.05552392717122584,-0.8455143077088294,0.02768202492098916,0.0535406391587403,-0.5784925462268214,1
3,4,-0.022585898800312643,-0.03555677210380585,-0.031023156504550342,-0.05020064671019827,0.02860764417414994,-0.0009383245262846908,-0.3131302824181358,0.014938889845487637,-0.13075018645988115,-0.5330674388262974,0
0,3,-0.24860911040268455,-0.16287961242747234,0.02184446490487404,0.02325004805170576,0.05146341412534087,-0.02132449568348898,-0.7540412366526977,-0.1135340192429082,-0.11530401109336975,-0.1229565122166513,1
3,4,-0.12193590149957567,0.18101878673821709,0.023844771206056086,0.021326454479063152,0.03886789113860621,0.01201607975525089,-0.3531817893588841,-0.044546613236698715,-0.20710240992354925,-0.7905132903887684,0
0,4,0.11516516842872128,-0.010119486567360624,0.07379639775771424,0.042736163456285316,0.2532051066144969,-0.1281714844329113,0.6220013961913814,-0.022826858234217817,-0.05916221104887436,-0.6597718475520504,1
4,3,0.17533500309010638,0.3092023902989384,-0.009435640626472232,-0.005338170037166279,0.007173021040941125,0.02421555074530744,-0.2745727545150041,0.010459806540840305,0.4314298028365853,-0.030280328316317606,1
3,4,0.01536370122875656,-0.07630927300778323,0.02608435193685212,-0.03403331845942635,0.1168017762615042,0.007923397071387117,-0.02511587668624377,0.05503110330441716,-0.3001859744776683,-0.8126596017529708,0
2,4,0.1526740256135412,-0.1574098441287622,-0.03620421802759363,-0.018871446321077963,0.04031216578742334,0.003813680224544155,-0.6093628654424122,0.06953626399566719,0.23541927134796425,-0.6118352772517109,1
0,2,0.2628029362221669,0.26639552129691463,-0.00943817640441894,-0.001380477329286315,0.003086370004507205,0.014013653815773332,0.4375804983452372,0.11457382587982885,-0.11154056564201532,-0.4020204803822529,1
1,3,-0.013467840754066769,0.09676195224942068,0.017065162369984583,0.030852301898443464,0.018221014054362585,0.005158596192169468,0.2628509166000509,-0.07738216613208028,0.04269652587872274,-0.7802106714729141,1
2,1,0.08898477265220918,-0.11029636419187283,-0.033386062351217584,-0.059434497918407575,0.13804506839061978,0.02136806575798341,0.6434700503358454,0.08898477265220918,0.6434700503358454,-0.9707228301604808,0
4,3,-0.08157092907957221,-0.33931308331663823,-0.002725848988407894,0.008255634339619908,-0.03778741512443079,0.012559804916733064,-0.92023294054586,-0.0011202294531022943,-0.493898123397153,-0.7053975270752826,1
0,1,-0.14444315668313507,-0.22226055656220395,0.019998477365091926,0.04184389912902912,0.4102587310861514,-0.010115169743727852,-0.2326493567863226,0.013960739966086004,-0.000551546456887389,-0.7986848113580063,0
3,4,-0.3053632067445348,0.07972324115980259,-0.06291592796003398,-0.057678065260019326,-0.24382471349656934,-0.1859230658927856,0.6269452100037747,0.009785588499394376,-0.31792376919490306,-0.9763817283638568,0
1,2,0.02003034837065756,-0.1848861879399645,0.04687655014213247,0.015849137343727882,0.10023466220477398,-0.01524076534461218,-0.3868426556603472,-0.015934288966706563,-0.029700643870954817,-0.9208653684201016,1
0,3,-0.3019088181108384,-0.2406173484942,0.009710975381943295,-0.02291739145563984,0.09003016359701184,0.006907264520491089,-0.8746182339024378,-0.1266570535607122,-0.17613500671527949,-0.8824423028483107,1
3,3,0.04050693319978958,-0.09731604426298716,0.00975320205026765,-0.0037226012237988734,0.062291385350955325,0.009632978405911015,-0.9397194123926196,0.04486833416707112,-0.5589479791228996,-0.9824383312104292,0
3,1,0.03544163237428692,-0.07429052168975328,0.013225760275332236,0.041631191191849916,0.002341071790105333,0.017883579568901086,-0.13906124142892146,0.0620006000223377,0.11089391938410964,1.1369889034872491,0
4,2,0.01864431921149871,-0.13926412985940825,0.026519216834646548,-0.006295308028135289,0.042098247399639965,-0.02172993625642061,-0.6511798003762832,-0.0390080845649868,-0.25487821771174346,-0.27935380711138186,1
3,1,0.07259425870097172,0.05662585096493952,-0.019264592592761087,0.03413146874855787,-0.1267138554288944,0.013101159725292322,-0.5995909103043818,-0.05206497622295414,-0.26863006445355103,3.2568818957466013,0
3,4,0.11132620907792017,0.13694144343281742,0.004383644773678731,0.016324983574044757,0.03223788420268419,0.001103192617564351,-0.31268201322996136,-0.04167344812407076,0.2728253151554104,-0.7521754160332158,0
4,1,-0.20458305093035525,-0.18934737502452093,0.13470753409805158,0.051469496835954816,0.8412877372153116,0.000680333867202238,-0.7248954175519489,-0.0635547402930268,-0.3683404591829378,5.923589969767418,1
0,1,0.0688810364933916,0.007123673268857346,-0.012421021346371752,0.014903674712982734,-0.05128808152905382,0.004252821647205154,-0.20180910518689235,-0.13199739440064406,-0.19822026313837512,0.027303069141156627,0
3,2,-0.017780874120891518,0.03286179951962793,0.017758940318658215,0.0012545661776488008,-0.021077173583157856,0.005515532678910765,-0.494768698307575,-0.05794316424208116,-0.2299183037860312,-0.9170200731432856,0
2,1,-0.09953046563194606,-0.13007816905212327,-0.026122520792028925,0.01161304192964617,0.00725005192697908,0.003767125232323839,-0.10113904883705553,-0.044518621592680274,0.013137061174753259,-0.9631391234703749,0
2,2,-0.02517498696391846,-0.15247926467791373,0.02295165079763413,-0.0039069671427885205,0.033624284807408644,0.01312615472453452,-0.8271045279603544,-0.032202932568779034,-0.28063549445997665,-0.6749180155649261,1
3,1,-0.04668109313248518,-0.02832958211370485,0.011591417586221786,-0.026945817528461438,0.07917202315249786,0.01855462918563335,0.04320188181188163,-0.0016657439106654535,0.13438965995488594,-0.6538077976350656,0
2,4,0.11559896766437468,0.11371137113711365,-0.050878163741330834,-0.0414745010147359,0.0014755957360375596,0.031372405441989604,1.0089744790767348,-0.03186471102848523,0.7227358744932788,-0.972857288181354,1
1,1,-0.05071221444346116,-0.2204530586184324,0.06063312244557261,0.06136272157453662,0.09368921684139744,-0.008153557427838177,-0.26551346141715354,0.004959345640246191,-0.2647231997425813,1.4129544441655442,0
4,1,-0.14542603419439482,0.2257304337022027,0.01985793078195308,0.0408440363913362,0.019125296258313863,0.005402044936981007,0.4710318921253997,-0.015405854041457756,0.4602928320514387,0.08260694790768583,0
0,2,-0.1377573878809144,-0.18939007872471486,0.010264779726283663,0.054593306059282136,0.0585328584100179,0.02020232258350215,-0.05160007999209678,-0.08938367741836217,-0.2449936390270961,-0.8917122053340627,0
3,3,0.046554785321868894,-0.07448111189915999,-0.0006918373586971473,-0.010014302011862049,0.053589372219402666,0.020365162707119668,3.4879403590245097,0.0425564602207539,-0.1508623069877494,-0.5823576635733361,1
4,2,-0.28682087651858945,0.10914963365500682,0.025597543720873483,0.03557712637287533,-0.0035820751062598678,0.04766965821047522,-0.11634211017698083,-0.03140130249887113,0.2001620243772113,-0.8055929282829938,1
2,1,-0.2861599545243487,0.10027658603752047,-0.02124677077110101,-0.03062290155187425,0.07997894255037331,-0.0024740565066111416,0.261077254435934,-0.10732759159361656,-0.19645312549216995,-0.9739417860067108,0
2,4,0.5944441738576578,-0.22969249269864064,0.051536868708281384,0.054537533170791866,0.2527039581829455,0.015129897097168981,-0.5333023220472439,0.14196296851198892,0.6271375516051051,-0.907960041386482,1
3,4,-0.027278545058661525,-0.24390105795083855,-0.0416474062771873,-0.010434115162091348,-0.01130183848668825,0.01947998694288337,-0.4679660785429309,-0.004637134850136982,0.037885148663585416,-0.9761140992235038,0
2,2,0.0955025009177246,0.1776569724423878,0.022616325924932283,0.0468024305698991,0.07106811371962585,-0.0499441159390875,0.423775404036975,-0.10140390876954772,-0.13259742301773506,-0.78916709507662,1
1,4,0.0702906993200946,-0.15558426305580764,-0.07484550777372323,-0.07583541906214397,-0.07135492975493363,-0.002102941066019587,-0.2311038200425512,-0.06388740661801008,-0.2214391991025482,-0.9172965446594884,1
4,4,-0.10202667241107323,-0.1816498563495476,-0.03589773066822465,-0.00530911786195574,-0.021932056228680868,0.01283095758655833,0.2625803995071295,-0.06412294714518686,-0.4431071626199312,-0.9018263997173878,0
1,2,0.061665093237930776,-0.045571484624559004,-0.024034871096016257,-0.003841158755512918,-0.07514656397911676,0.013878367871757523,0.11507601365920354,0.06569790806300492,0.17392296146336225,-0.9172463509211348,1
3,1,0.08672687993469233,0.3164111211770324,-0.04099655426747724,0.003285070021290829,-0.015417800429057837,0.019221986221647638,-0.14958460496636267,-0.01115611708277279,-0.053357161422425366,-0.8846025992116886,0
0,1,0.12208465832867665,0.04061335740581011,-0.027031973333476282,-0.06370942859985229,0.01573817346908015,0.0007426159853935332,-0.398647170894368,0.021159022973384033,0.39875376801431744,-0.7790297781473974,0
4,2,-0.20164735066647346,0.12514412955383578,-0.06591556795600984,-0.02741046038798986,-0.1080969680702754,0.049960521665345634,0.9390168848688712,-0.02480421927546635,0.8106888564879671,-0.04103506384005716,1
2,2,0.05608863672808696,0.4433781609354789,0.016411197882773367,0.025262260172506518,0.075197904519588,0.0011873110478541919,-0.7805174554602474,0.13697494267990962,-0.019013057970012664,1.0264707487622102,1
4,1,0.02975700696265854,-0.16941424322984544,0.016926195033793476,0.005231740132312996,0.3975398210204933,-0.012101169438563946,-0.36878136950865903,0.003815929905063795,-0.32527201626098584,-0.5579917502044089,0
2,2,0.054359300696693334,0.4463244303523365,-0.041253276373103095,0.0015644255793230257,-0.00636587173253283,0.012938897421784926,0.3623159457344663,0.11415089500256685,0.426542599296809,-0.8829781249380527,1
0,2,-0.16287093040184647,-0.22258338772608371,0.031021923444531963,0.0035209420636574226,-0.03913483591547399,0.013503057256476436,-0.5396292850772597,-0.08432637130327499,-0.02359173505250588,-0.2840491726318265,1
1,4,0.19337909884646004,-0.06337070711382999,-0.04916692139993472,-0.05206038853766713,-0.08223271258596873,0.010821073939309036,-0.35464077408905964,0.0815078597243848,0.16310092934370232,-0.9333573177873792,0
2,4,0.13205166039938235,-0.042920184099721134,-0.040613399633913284,-0.04134924405344991,0.02399751177211413,0.0014376408675466773,1.2371989467427205,0.09658894803047348,0.7456586827480178,-0.9881036274592836,0
0,3,-0.06305904257373532,-0.1828312070579632,0.005870216155236154,-0.008794708301232834,0.006337701113932624,-0.03981308470007407,-0.5796345918610014,-0.05543279841340077,0.059081990287934365,-0.5602854494329393,1
4,3,0.1621780092056755,-0.07772372187848939,0.018047466122460352,-0.0007662765919470755,0.0658214305664497,-0.014981821683604868,0.06508068862759693,-0.034887492001223167,-0.3761881782329299,-0.6043959622141976,1
4,4,-0.16194476973911584,-0.06758005108211959,0.05393421936340818,0.032837864403890984,0.13231096080126642,-0.021133188579957832,-0.3550022484697111,0.0252995898447957,0.2470484641182065,-0.2981079049880505,1
0,3,0.16957063978699805,0.08596593297534556,-0.006785475802694729,-0.014266472440115882,-0.03973744354207686,0.034144096479726264,0.31891835047974554,0.11395487084068527,0.11829215443183283,-0.19004602852232888,1
0,1,0.10787684899059727,-0.040722446797774786,-0.018558624445408244,0.055926270745101536,-0.1764015291343252,0.010974539587030641,0.9724185854571651,-0.009671887909075985,0.319682509396406,-1.0,0
3,1,-0.00351758705611007,-0.15107773970356986,-0.03691570559474739,0.04603959020846742,-0.12263775946074297,0.02030479660821815,-0.7913496782606441,-0.0016504999239366745,-0.3537139479196824,-0.5811501749164991,0
0,2,-0.13222051516754935,-0.21974605491028992,-0.08458801150636787,-0.052499494136698965,-0.10709216065271852,0.011474570328927331,-0.19527181921877526,-0.09868799350163254,-0.18909842717522166,-0.9648830970788448,0
0,3,-0.08580571746946722,-0.12971076638535273,-0.0015365733917305955,0.008422931114719671,-0.0010640061513972497,-0.03308615452621179,0.10089024392926417,-0.046294938507705635,-0.2083886340247032,-0.5653275554994435,1
0,1,-0.0719166141573365,-0.16268412222886058,-0.00040987264501965854,0.05843797281359505,-0.22478629921616894,-0.00047996443937130506,0.059337306366463664,-0.02857174002519458,0.2376205145009156,-1.0,0
1,1,0.0416435001979567,-0.05132845582133809,0.001965947174907064,-0.04100075077675415,0.15589778319541167,0.008738694952992182,0.3041759803084197,0.016863576724800402,0.43919384593168864,3.694996695882916,0
3,4,0.3719713831066225,0.0757713411029565,0.01915375670650625,-0.005904148516678894,0.11174560544969496,0.017449881710489168,0.2792024931541455,0.042773830743405114,-0.3736501839515557,-0.8079760917967951,0
4,1,-0.08074749270103257,-0.09650957703876267,0.007131879272514756,-0.0063820478090985035,0.17368601502812905,0.005402044936981007,-0.14437218003831714,0.008482879379659242,0.17197990290315315,-0.9013798230423145,0
2,1,0.16198034934964933,-0.14452637865985604,0.005847956130041998,0.047779647884523775,-0.0901085281081961,0.01648388157105176,-0.398668479541656,-0.08893254524087184,-0.3398731443733292,0.6021203097521163,1
1,2,-0.09074211830548667,-0.031207779735101738,-0.001833901673633933,0.01699550449644064,0.07438480381969834,0.01574298877250664,-0.19604938460759572,-0.0723322098350728,-0.20453392802271128,-0.9479007607849816,1
1,1,0.05285945303842392,-0.18334560290063154,-0.014096802789662785,-0.036807490940476466,0.0040386115713502676,-3.7729751538329545e-05,0.7944825069957536,0.01864680876246332,0.2294094206616089,-1.0,0
3,2,-0.009967022160044341,-0.15264369583954612,0.015784924086464945,0.001505031987139142,0.06693377966589244,-0.00398983507703592,-0.3539759074725889,0.04136714215468372,-0.5247638440119186,-0.8574858093984475,1
0,2,-0.18138259618141836,-0.20305389668009546,0.041672237803264685,0.007175432438280469,0.1822378445967872,0.0039069990823728225,0.045206838784513016,-0.05281252378605166,0.21064139786620875,0.019438205298392627,1
1,3,0.03879626941092475,-0.12494627473287807,-0.0023736178214628216,0.006775013779893946,0.03309309836596954,0.01089422141980625,1.223044601150232,-0.011319854039950505,0.14102960418822374,1.64229866219177,1
4,1,0.24319568948892184,-0.1122611522117789,0.0301045949340688,-0.0009172458962494149,0.47531168358927506,-0.016935887893011186,-0.5525354115193368,-0.038044112798878066,-0.4776357962881789,-0.9793266794826668,0
2,3,-0.02166166606746517,0.5507128964045755,0.00179869510897348,0.027493327238749588,-0.08551413332121645,-0.029731017958157486,-0.7330315201483769,0.1275173650882949,0.5141258779669422,0.8696331754175033,1
4,1,-0.1338161379136253,-0.043064156499568934,-0.045631908617138714,0.027549175671748388,-0.15145208189634654,0.002733230948714595,-0.5126559279123788,-0.10499376275058604,-0.01791801744049886,-0.7888367975729553,0
4,3,-0.0844095310941519,-0.11243784034613284,0.023773367763420573,0.002858453565410145,0.08498666586403755,0.034738286068448615,0.011465748063442272,-0.027685605578738736,-0.48236271681014503,-0.4296046296210687,1
0,3,0.024380759221063187,-0.0073414664767016405,-0.029711405255790375,-0.010182791746238377,-0.07402584784522777,-0.04493966026094495,-0.29787790951295057,0.0006462194338631447,0.2434654486968504,1.5685259988248283,1
4,3,0.04941982733744084,-0.23396435007999145,0.03159814729144843,0.0025859488230567584,-0.0485956628536483,-0.09052660383580527,1.4457187023502818,0.009578341444124913,-0.13895227116307526,-0.5640713809208149,1
1,1,0.1387020614906554,-0.08280092784683991,0.027445648039458,0.042480352224501486,0.08899154774083272,0.0006648707856388291,-0.28774145531107553,-0.01840228264884625,-0.15128633879001666,-0.8188114399291023,0
1,3,-0.35581689664646576,-0.0200773308465161,-0.020763021687060363,-0.0006997159308595954,-0.012068234066363157,0.029840212275091774,0.19955322390893776,-0.02862161663593527,0.2691894831442471,-0.8957867824519171,1
0,1,-0.20147729791355226,-0.3040055389296114,-0.027282129031745598,0.004283830386405561,-0.30379445321359144,-0.00917407631759394,-0.6654706653167077,-0.08883566610116278,-0.21829542882010453,-0.6040404218662796,0
1,3,-0.1279197232728598,-0.08835360024450248,0.017741289491524627,0.001756714899697072,0.021761309826840082,0.04086910177140439,0.7061650522123736,-0.054970358024167734,0.13085038313920802,-0.7663859760121262,1
0,4,0.059805691761653165,0.5321261719956466,0.08133762299464561,-0.012556583577174377,0.3768468566046251,0.008441955014666495,-0.08935188611002634,0.09353107983946474,0.036313950348961586,-0.8474531243286441,0
3,3,-0.06781204916720224,-0.04459594716955706,-0.00678318058541353,-0.006754121263610089,0.002450077335543573,0.08858037764677912,-0.4608660889729218,0.02843992086265628,-0.24219130359799726,-0.8946557005927142,1
2,3,0.0616824579889885,-0.34627976297009844,0.02233605294907074,0.027379210967125783,0.047114819133302316,-0.01624140142023547,-0.8605673584590964,-0.1188409383518455,0.016825932024363954,0.16884333447839248,1
0,2,-0.09854736598926392,-0.11335727191458217,0.05458907427282752,0.008360462425414095,0.1862816447268268,0.01417943672671694,-0.10730725978890412,-0.04759606781441862,-0.091215564861565,0.5461120798392863,1
2,1,-0.05051219237063505,-0.19584844939886686,0.03629803498525897,0.020222176152546047,0.06923626582626481,0.010763180730626116,-0.3111643872106448,-0.023886384810105715,-0.020353008264929345,-0.901132070437226,0
2,1,-0.0790641882056956,-0.179354266941184,-0.0070866314955193065,-0.01220514159763994,-0.007167417704338721,0.0005054481242870388,-0.644836162388535,0.0019644242951920125,-0.13308002739505398,-0.7525542655919593,0
3,1,0.11308108894793195,0.001973668049654577,0.03881728971478464,-0.024218492127032386,0.07785010924469968,0.01988934325766189,-0.03676092772930229,0.05333684293473178,-0.1202690859183528,-1.0,0
1,1,0.08221522922660274,-0.15507860343711802,-0.025681171037512125,-0.12087229913732128,0.14185930848293798,0.008738694952992182,0.9627725250636876,0.07968824401291061,0.1277576430727344,-0.9847856934291612,0
3,2,0.02841783051464085,-0.11418362208374548,0.005773709305384327,-0.012853619319160993,0.014375499128440003,-0.0049182406240185035,-0.7661863262220743,0.06519933774522814,0.07654305115498583,-0.8605236195690894,1
4,3,-0.04229429190396865,-0.17862233374273778,5.402347826353881e-05,0.0027832657194632755,-0.009011656815603692,0.015976534031261445,4.734195505731829,0.04319986034782212,0.6888247139930471,0.11531250389431418,1
4,1,-0.006076884145533079,0.11515069462943728,-0.0036164634523488354,-0.019377595693968568,0.0001228837387291168,0.0012444016331939105,1.9663206974918157,-0.01061581488169945,0.7786235098108728,-0.8176317797220978,0
3,3,-0.0007458233001303826,-0.12588279360603946,-0.024757830557414543,0.0029963290316677572,-0.03853945296777506,-0.038994388720948,-1.0,-0.007206466126407584,-0.3385005348675416,-0.9066461478524817,1
0,1,0.13990635136208968,0.7042092477641796,0.0017217859374802627,0.026825811557748,-0.4835740051081402,0.011800974736557071,0.2325275015174315,0.10726677960961276,0.06731802794083334,-0.9326964014303396,0
0,1,-0.011361029281146708,-0.17874882196348166,-0.043661345975964605,0.036166991628133166,-0.4958221339509212,-0.010727777763838495,-0.25727471902047905,-0.11584298130723625,-0.18981582522311516,-0.8422832486615386,0
1,4,-0.2125021494813945,-0.14741925556189187,0.0602096121996573,0.0327998591507843,0.10830543480369127,0.008118980467104455,0.5301872528088922,-0.014986293311857662,0.01190861554965772,-0.986439743521966,0
2,2,0.039474213810244886,-0.19715041291170668,0.03833693205132625,0.03384073039030047,0.06349034965370479,0.007553140632727055,-0.6682278371217768,-0.02072194075906904,0.02209576955722059,-0.2329542105370248,1
0,4,-0.05107360107259713,0.11445751934446427,0.01924918112509541,-0.009446521855516449,0.2269514857399649,0.010456100741797049,1.0681879326587171,-0.02121865993065977,0.15880533462886567,-0.8748063218375741,0
3,1,0.05494548864911939,-0.006992222392108982,-0.013671271890030822,-0.04716738200101206,0.1558703862860654,0.01312508085799564,0.06443716698386068,-0.014994877288701991,0.2594995402030412,-0.9081094771500484,0
4,3,0.0456770327495362,-0.16052234350014608,0.0008147407100555084,-0.03350223125164077,0.04624600731478688,0.033646382019701986,-0.5202470581013088,-0.012475052427578922,-0.3072713716221825,0.2062944002072679,1
3,2,0.07168253013021943,-0.0706213168373084,0.04518719003144305,0.02709477639884317,0.050982991197593766,-0.01326290831321055,-0.9475333914865398,0.03842604473770924,-0.3078154137589632,-0.8713734052533368,1
3,4,0.04427362250652921,-0.09013405146005277,0.06062035421536131,-0.00032726548851373904,0.11657572148276645,0.007823776231267763,0.6268762950449818,0.05043996094264128,-0.4806140976676399,-0.9889201535893901,0
3,2,0.07360264684120317,0.16850100865782394,-0.021586810663647617,-0.0476593395060043,0.03826300311700595,-0.037029120209953734,-0.2773322600697811,0.012727832728611345,-0.2403729651120425,-0.8281738622230721,1
2,4,0.0759166901873535,0.470764457370786,-0.00836095069507852,0.03038325514161361,-0.1457149173584077,0.020805826746440142,0.16818078619175128,-0.047775002109447656,-0.2089465660527084,-0.586551980325195,1
3,2,-0.03257762804357567,-0.0996213222615265,0.023246270562833786,0.0004896372399574841,0.008695518004275173,0.015521651943267004,-0.1262628330624263,0.05168318610448521,0.17536750351758834,-0.97979661505102,0
1,1,-0.11051576119436407,-0.04312253022950028,0.06483098609957069,0.03604768878126942,-0.13265334184226935,0.008738694952992182,0.06756776012208074,-0.08760827798341969,-0.15931447236897242,-0.7493097212759526,0
0,4,0.05464054503528628,0.13494513700871522,-0.032154871446121495,0.03247427001693903,-0.09893047843035674,0.01716688520521675,-0.10874258167555928,0.10504796436598177,-0.1486995269477594,-0.901457918600409,0
4,2,-0.04504901469659424,-0.3554015476444886,0.027977005038629196,0.012490605455181223,0.06295355691692835,-0.02945658842243525,-0.7217097227356124,0.009053560843095462,-0.4594442658690448,-0.6568375023358857,1
0,1,0.007252358147102164,0.24639414691633416,0.02131937664956876,-0.03569352626327597,-0.16279322459298942,0.011800974736557071,1.1869983465286376,0.11078492887525457,-0.009819591648459523,-0.96783721838264,0
2,2,0.04555547953333035,-0.08431943961617963,0.04102787700935505,-0.0015755627243524359,0.08190992950745328,-0.02129414190844569,-0.6663714129358065,-0.016220585679073533,-0.4657232809233125,0.3070250878091221,1
1,4,0.03400381480730606,0.06529458263370626,-0.026992050388826596,-0.0013358688104950164,0.033822915386409934,0.010821073939309036,-0.502591817771173,-0.02115738802118848,0.2301764068797349,-0.6768535371462665,1
4,1,-0.2201327163748898,-0.30556840746731895,0.004071562219082126,-0.011856441404540084,0.1974437043571348,-0.006728436060457825,-0.7540420748489474,0.008664990988637206,-0.19904945693213086,-0.3732292218869992,0
0,2,-0.2505170041709903,-0.11753250290607548,0.019048058132564195,0.05676507900478611,0.12994346666498502,0.017597516476672605,-0.1268496367722795,-0.051794260843515925,0.1566131677464863,0.2780003246454572,1
3,4,-0.15046260832107974,-0.053845782429293367,-0.05759969850752821,-0.030799998314377994,-0.09743625916714306,0.018144427677440955,-0.4518489163054514,0.01497627819104189,0.14965681020518165,-0.7058755747521641,0
0,3,0.17267221030731286,-0.12781570167946088,-0.038308155715248704,0.006166318447402249,-0.04850712214158373,0.0023009663554772177,-0.09872237916638674,0.019116710725329212,0.05222246789616502,-0.18173462068494145,1
1,1,0.024746498060619442,0.06005014908203001,0.02355962372717714,-0.0037854163755057287,0.12257225972301122,0.003995499942583955,0.9143114830343776,-0.08915896034975034,0.19979148051275408,-0.7807756735020055,0
1,1,-0.2571493337904585,-0.07393832485647786,0.0163223276639149,0.05315278943194997,0.13812240060365616,0.006014731115960373,-0.31139014131564324,-0.10507249041053217,0.04697416603358585,-0.9358578666161229,0
1,3,-0.10666143594644596,0.07735321419196316,-0.014931824527136432,-0.02466784252548489,0.031177035272775613,0.047333657182571945,2.8533042906022485,0.06750914291783555,0.10219684819060308,-0.9763088231390672,1
3,3,0.07084408636946345,0.2088321037700321,-0.004104684468394872,-0.011593083188934341,0.016258442532276544,-0.2013789386029495,-0.9932685115931188,0.033518116344772815,-0.3833071878851721,-0.7114857219691022,1
0,2,-0.07033952018712061,0.15104609690732235,-0.027696848338964988,-0.03469410972545784,-0.015856809839926586,0.015115305316310406,0.4109996719350872,0.08936055055537458,-0.1797951699915938,-0.8837403496938547,0
4,4,-0.00016226233316372075,-0.17511597146639946,0.047487891567378634,0.1021117376027485,-0.0567456949114012,0.012844200301162612,-0.24134931895771905,0.015421850405681375,-0.15495156879967173,-0.8986395452483342,0
0,4,0.06776476155931181,0.16196232117909007,0.014087712057346656,0.041570239195110735,0.28993478367179754,0.011800807754644864,0.6454472300698709,0.11504855555102075,0.18114130541061865,-0.7450645476105514,1
4,3,-0.06984701836905312,0.25486342064147643,-0.011116830038325415,-0.017725919613543292,-0.06627351253171129,0.100741332635381,2.1905175430457198,-0.08803874818941522,0.9528590900425756,-0.4668180055804769,1
3,1,0.05243105014440799,-0.08065515700085027,-0.05122445204430087,-0.01613477234861435,-0.029580144930242507,0.01855216746515468,0.10872961369424776,0.02351028287856809,-0.2330945906812006,-0.4845582764788755,0
1,2,0.01783938740266142,0.07208445031066091,0.02049668909977239,0.011076613674107722,0.04086284132755706,0.004014806631376806,0.02839665537354805,0.021620601965077674,0.2841111570093489,-0.9840614745446024,0
2,1,0.11222093410533228,0.01802627558814553,-0.012534606615218805,-0.0241450907361606,0.01611146957178083,-0.025078380688463024,-0.306325724994344,-0.0959790594702296,0.3026407432310689,-0.6979929639983631,0
3,2,0.01968548680535517,-0.09710192724329332,0.0024665065909310288,0.05514585870055877,0.05499204854561561,-0.0004622046230229295,-0.5882599959693442,-0.031764269796416215,0.1196386652010194,-0.7082858400025339,1
3,3,-0.106825314796341,0.2966043937323236,-0.005284776931834295,-0.0024083850533688817,-0.01652287513163745,0.005477558281203757,-0.9374755829236592,-0.07502659780109393,-0.10355795393648297,0.9644084258535393,1
3,2,0.10804297916329822,-0.14558252241342567,0.004112633315876579,0.0009921863204537793,0.06434896929278366,0.0069007813843854115,0.5778422928458986,0.0005060071534315174,-0.20125539403391174,-0.8627549171036153,1
0,2,0.05251016414293128,-0.11819477491873677,0.03731612868927621,0.02666775157259445,0.0398663476032226,0.0019051488804460203,-0.34123689329947443,-0.0734414428252894,-0.2304591849934961,-0.20269526059764026,1
4,3,0.05317973557613883,0.9930448040383618,-0.03858938049359563,-0.021503993144069908,-0.02857633130139222,0.02824666590011505,0.2165351076066288,-0.0415809081250351,0.24108767955401406,0.2326819845706771,1
1,4,0.04800139126404372,-0.12920648135213136,0.012244930932201609,-0.01274226754294512,0.09147424132661124,-0.02048510116440952,-0.5920521473324294,0.050856187090507904,-0.025095432648451425,16.952638484475447,1
0,3,0.03356003118537264,0.10887498176391293,-0.03042792564879137,-0.030668231115048582,-0.027041761878743475,0.055959229479976086,1.1992801963452668,0.07674059114813124,0.3125879048214799,-0.8547205875832659,1
2,4,-0.2064074910939253,0.2524860666702341,-0.001565111732851418,0.009370125367054285,0.11099652613034523,0.01589042392312655,-0.14499239654899693,-0.07415288313820248,-0.1159933819801428,4.502781983955425,1
4,4,-0.02762473498457886,-0.2140157985566542,-0.05287331266685079,-0.040479784378482,0.13795764049540524,-0.008536180082309499,1.1767015502565492,-0.023682968557731856,0.6242490352147436,-0.9299900160576974,0
4,2,0.03278503926096861,-0.1947850847644741,-0.0584302862585059,-0.04878163221954547,-0.017625920946888203,-0.03468461203699417,-0.41022619795573867,-0.0024862657622185085,-0.4932315572551997,-0.5774864317821607,1
4,1,0.1537016603491201,-0.14790642607479915,-0.030451048965599487,-0.04042833525656097,0.14854498859831694,-0.014804174446018406,-0.4954407888899063,0.09035974256087917,0.5693903061617963,-0.01590775292491144,0
0,2,-0.0727478684310702,-0.20668140292969175,-0.08364505513760254,-0.05121528178084036,-0.045241722751755024,0.007996094136234255,0.2785950461372441,-0.12221541125169938,-0.1660869236111345,-0.8266790784443377,1
0,2,0.03924556916303716,-0.10168698697155744,0.03303651398824686,0.102226556878652,0.030999907185861483,0.016158853166694187,-0.2779880585390063,0.007524029131834199,0.16038934918880285,-0.7745441610099832,1
1,4,-0.1196822849016142,0.1818768887184934,-0.010890559125347674,0.013314840930244749,-0.01129724327390221,0.008779331652557674,0.5470188776426744,-0.0843858555958303,0.06820415846212337,1.075289787359964,1
0,3,0.20567434028961384,-0.06487483181405837,-0.0291435183430246,-0.03452422853781395,-0.011419875370922459,-0.11506562488592592,-0.8334995342362113,0.0919138404240516,0.048742172649346216,-0.9181391704184676,1
1,2,-0.09789071316128242,0.1961173275261324,0.030001881395332892,0.02434208292322578,0.05011905991802505,0.025456900327284204,0.03594787152524223,-0.007858661577600288,0.4903354053686898,-0.7516978070413388,1
2,1,-0.20244553525735529,0.4871059084808243,0.020933935747555543,0.021113254346337932,-0.014880120629212078,-0.06708128867692101,-0.7359599163594936,-0.05273932892588151,-0.059686702143066685,2.4878919430017725,1
3,3,-0.002438480081967113,-0.0019427526495090516,-0.010069160242208205,0.0029172953148312985,0.02814952433522627,0.061837077783093525,-0.5989014269037085,-0.013241104068168958,-0.34496960644558605,-0.9245849454840696,0
1,3,0.11022210998314036,-0.13373519865086592,0.014793436549651429,-0.010247641582200831,0.009254813738528109,-0.00020190149109112349,-0.4898192080155819,0.005978444652697767,-0.18397663091407732,-0.4489429615666697,1
2,1,0.06834472953670795,-0.12297914441870958,0.007124906578133971,0.029505390040780188,-0.03169773224733627,-0.016609211522041346,-0.5397110167058132,-0.05143135249016634,-0.2283953403619975,-0.8039119397004979,0
4,2,0.058121596219326624,-0.17114442717422831,0.023696597725524515,0.006218330284510547,0.12170200704992246,-0.025639198129299615,-0.4296054963011516,-0.05985558679414485,-0.3539967312733049,-0.8002328181402131,1
3,2,0.0670440748547483,0.268151199554252,0.02828791734149434,0.025467553908669397,0.05181417809422925,0.029554699056510463,-0.3612896527237768,0.06771385509100651,-0.25529695161323424,-0.7367718013996742,1
0,4,-0.11145095222113048,0.29764253932366824,-0.02755913711121969,0.006508088135867241,0.2765703121644566,-0.0013871402129638517,-0.12529576171630175,0.05982787087637567,0.31536946015363765,-0.9545600686374324,0
1,4,-0.011505595121747408,-0.1864181816138608,-0.019897633816970715,-0.0395095206623923,0.026732152497890783,-0.012198769947984578,-0.5412622418378773,-0.011464775869722063,-0.11777235360026185,-0.9718614636879256,0
1,2,0.05826014254829515,-0.08740415274801387,0.0061035380390854045,0.0019635393892433123,0.05735493617887029,0.017168756993405417,-0.15560323528324055,-0.01289832264521037,-0.19731157968345672,-0.9659163029586888,0
4,3,-0.012103816537196823,0.2469996377913107,0.0049063806854958,0.009763828861321835,0.035774711874898626,-0.12191192992401348,0.7418171039804851,-0.02332462615529122,0.5740260793018522,-0.16558689476326796,1
0,2,0.02294826176846083,-0.0669618445234742,0.009189446662838014,-0.02868540778670628,-0.03828217796839159,0.007294508422190627,-0.2967847049308808,0.08207502531355394,0.17351542947313436,-0.7892378038498061,1
2,3,0.025303919324126213,-0.1745223181954764,0.006671946700089332,-0.01852144022605814,0.08908829492909154,0.02212555676478558,-0.4042753630803396,-0.017615030202448038,-0.4726778871504309,-0.9703538520357722,1
4,4,-0.10148001092856104,-0.18145015494007324,0.002411649371390048,-0.0336589135806832,0.056535070246878025,0.00011778843332917176,0.21418684303668345,-0.062235005385861325,-0.3140417705120899,0.8082178652617928,1
1,4,0.1514753990999905,-0.09243736553183997,-0.01941235066934512,-0.026519806320561997,0.09978303237507087,0.002701226870335578,0.5336562138184411,0.010015836472306227,0.14107642329386666,-0.996652932820414,0
4,2,-0.08510483696598828,0.18137205513621396,0.0061841743667475505,0.01689411758810509,0.01108639078055219,0.026136345627042163,5.278931651615245,0.03969025708197351,0.2952639008540149,-0.3080320456399177,1
1,4,-0.08817678225674674,-0.1817939521218176,-0.0395330488194736,-0.023347500864811844,-0.05985565077271576,0.0060591684427650965,-0.2704473307636626,0.03934168334886101,-0.2781019364187654,-0.7299720082197105,1
3,3,0.07485931590848427,-0.10923016836409258,0.002748350806336009,-0.0024377284928004555,0.013795533091769313,-0.08898695972656495,-1.0,0.05322736461163024,-0.03398513941923476,6.3557266413492215,1
4,1,-0.10094022688815027,-0.2568967800561776,-0.006475935462705679,-0.017075429920225198,-0.04973147661469728,-0.0006605474820013162,-0.4946034276224493,0.02658570639395521,0.3966829818453614,0.1340582017258236,0
1,1,-0.0605153666640109,-0.21071183686263711,0.11221090828359567,0.0658140466543372,0.13916666034534014,0.0006107833744643992,-0.4340202386226594,-0.01684402188013694,-0.025851601285943826,-0.07057875836914926,0
1,2,0.04375139649135298,-0.1438689302141287,-0.06673713953962254,-0.05112471142053965,-0.029829105065352492,0.00540486839809105,0.08867791318547663,-0.01253152668881503,-0.0810459377394194,-0.9781692285352134,0
4,2,-0.053578528280439235,0.018979266714626238,0.021329982110793955,0.017497300378724354,-0.005890006023260614,0.01489812807487458,-0.8392615974817563,-0.07070584503833192,-0.33147953410162784,-0.4230954684941659,1
3,3,-0.012404686126793584,-0.0973778930436164,-0.021671267743109703,0.025840295456125262,-0.029046925116503343,0.06699317761589571,-1.0,-0.04706612033747394,-0.2219346288937944,-0.4518828695116151,1
2,3,0.02409275764480351,-0.15014157264496036,-0.016214623819434698,0.009900499122158072,-0.03594673363522186,-0.03686905113773466,-0.5516096131672882,-0.09140065616929972,-0.1575779955947817,-0.6463813619403662,1
0,2,0.003721290902487317,-0.2039371754905158,-0.00855687793171731,0.04200845027432197,-0.1406265969602139,-0.007510680189984053,-0.006151773206523159,-0.09445852949774647,-0.09369351627024736,11.725149717628385,1
4,4,-0.09023043060874557,0.08941785458585479,-0.03505438404288065,-0.04572995644789215,-0.030854804959788637,0.011366563122107041,0.8168231476248133,-0.08858666879424781,0.9188501044381352,-0.440900268236771,1
1,3,0.12708399567159606,-0.13661699617420678,0.0085245277270138,-0.014895967328538873,0.028908480112907992,-0.039128480510392805,-0.5684197276286597,0.1185697931789465,-0.14602207566878325,13.23615411367898,1
0,3,0.24762119062316496,0.08889119776059487,0.00787152621583813,-0.0048543176330331705,0.059605994531505266,0.00949262210970526,0.07894474682210874,0.0556263058235201,-0.15871741400944947,1.1659531291256289,1
0,4,-0.07750796386915451,0.0616418222376956,-0.014256022547851032,0.03950149157483582,-0.0759674788527738,-0.0039034586755054314,0.045851478783215965,0.023915338284976842,-0.01295309700338441,1.5584886681108212,1
0,2,-0.011036960549243855,-0.08602032242212929,-0.04073923698268984,-0.009232081687790716,-0.21049132928986436,0.012051386559227582,-0.5449753464265262,0.012745376147691051,0.29486513702957506,-0.8219925537912337,1
4,4,-0.08923272218489701,-0.15657552365665198,0.007535405232392226,-0.003759453473921034,-0.06102685945168983,0.008683328644163211,-0.18158745813568927,0.05288263974074122,0.4463752958949459,-0.7757300174392278,0
0,1,-0.12426933974582476,0.24511207843367205,-0.07382643730515448,-0.05237144710172549,-0.2374358691630363,0.008970627005929013,0.08271009572355695,-0.0343685345746268,0.17588569053966038,-0.6715227025560367,0
4,4,-0.03946691585499991,-0.14465515324547806,0.005826652137736353,-0.015893705162232284,-0.11082782392765993,0.0068068949476756575,-0.34782408848473495,-0.010020867981012134,-0.4547790456536434,-0.6705470175643121,0
2,2,-0.1463452366924264,0.4640172277510163,0.02460686487317585,0.0065225188720277215,-0.1799065767770949,0.00419837406856712,0.59842536496195,0.045413242709958015,0.004649597711485043,-0.1620352487006012,1
3,4,0.09866178779306728,-0.09346950600237824,0.005574422761819285,-0.028433044355649407,0.07932088054826414,0.02014776657560456,0.0927617503882627,0.058062661970239564,0.038737749174493664,-1.0,0
3,1,0.024467568526359732,-0.1682489533705581,0.01813481565179504,-0.006642633540708813,0.10252246915549408,0.02030479660821815,-0.6685581890451079,0.048702885881642184,-0.4329635231896381,-0.803397020879173,0
4,4,-0.04102548144676717,0.2672704541916153,-0.030060528959207387,-0.018569772010943803,0.010868899384809021,0.02036621698157397,-0.20937551204711674,-0.025427351085907542,0.6642739404618101,-0.5927379214108369,0
2,4,-0.17153871068048093,0.5627596565600156,-0.005230644628409926,-0.0008866464968566547,-0.21189844245578845,0.008160160802267157,-0.7717064385277722,-0.020443467668554243,-0.016356158080939025,-0.16694103568802315,1
4,2,-0.024929523206626832,-0.13293023485166425,-0.04861167189425507,-0.014764303793962081,-0.06418989420858379,0.01561070832108613,0.032004203102614204,-0.016219833356214502,-0.4652736035148794,-0.5950395555512729,1
2,2,0.09629960522798664,-0.2485460814404149,-0.007238199015195144,0.017765725898662536,0.08557221523153476,4.915863367255941e-06,-0.29006045937656744,-0.10959337088509637,-0.2594090102092527,-0.4149486270461611,1
2,2,-0.08315006399124622,-0.3463536942033684,0.02920074868463688,-0.003075315282312585,0.14697607659329046,-0.0429285312029214,-0.2915313861547701,-0.024730978117686597,-0.5063087676093947,1.9669817790340782,1
4,1,-0.02997295838800989,-0.01817785002840772,-0.007792128023931874,-0.014984141144557485,-0.14437937404785425,-0.007978032147291727,0.2196331693252806,-0.045780164365111786,-0.2496109401421101,-1.0,0
4,4,-0.21124846907308095,-0.3074380087736852,-0.00495717990413497,-0.021573577418422484,-0.0008297246862358776,0.0005603930456683776,-0.7083136733266663,-0.00481047906258007,-0.39039548692933307,-0.8542756186237759,0
2,2,0.04765093996401582,0.5127585844335495,0.01743307407606667,0.0068667161526723575,0.0350566937901448,0.007885441035618246,-0.3650048060039944,-0.05344247032288743,-0.025060648021712262,-0.4302753959193482,1
1,4,0.13058116962272534,0.15240139216526186,0.021583882657299658,0.031136515459105476,0.07944213447750045,0.007420869927068292,0.2468516132602371,0.03338300170653413,-0.13548483978811554,-0.8129195419976258,1
4,3,0.10007591320284616,-0.07250896330998867,0.00310468448957468,-0.002594522198409765,0.049929020242539764,0.022253066102417618,-0.12753619227408225,-0.05563424630536109,-0.4851013058253352,0.9698177455910332,1
1,1,-0.0382226238446596,-0.1266023174113144,-0.028962836620659817,-0.0012191854040858663,-0.058112350092747574,-0.010820972477631004,0.019102363404559213,-0.013793710205988435,-0.09835343573433132,0.06254642412568967,0
4,1,-0.05115576721741948,0.4498466591511445,0.023399176626091464,0.06080833440926753,-0.3135253902350226,-0.0033780327305207233,-0.4953075362177913,0.04639134654798014,0.7049832962598122,1.470567277946388,1
1,1,-0.008909716014035928,-0.024270523537361928,-0.026468451962662586,0.010613619167316174,-0.5015940321696433,0.002609776319670589,-0.056630232173192914,-0.06862204768402758,0.2318039737317267,-0.6656310351363396,0
